Hugo_Symbol,Position,context
DLG2,151,CAAGAAAGACCCTTTGGCAACCCGTGTCCTCTATCATGTTTTAAAAGAGCCTCATTTAATCGGGCCAGCAAACATCTCCATTAGCAATTAAGACCAACTACTGTCACCAACTATAAAGTCGGAAGAGCAATATAACTGACCTTCAGAGGAGAAATATGAGACTGCAAGACATATCCATGGACATTTTCTATTTGAGAGAGGTTCTTTTCTGATACATGCACGAGTTCTGGGCCTCTTACTTCGTGGGTTAGTCGAGGTAAGGAATGATCATGTGGAGCGTCCTCATCTTGATATCGATACT
FHDC1,151,AGCCCAGCGCTGGAGGATGGCAAGGCTGCCCCCGATGAGCCTGGAAGTGCAGCTTTGGGATCTGTGGGTAGCAGCGACCCTGAGAACAAAGATCCTAGACCTCTGTTCTGCATCTCGGACACCACCGACTGCTCACTGACCCTGGACTGCTCAGAGGGAACCGACTCCAGACCCAGAGGCGGGGACCCGGAGGAAGGCGGGGAAGGGGATGGCTCCATGTCCTCTGGGGTTGGAGAAATGGGGGACAGCCAAGTCTCCTCCAACCCTACATCCAGCCCCCCTGGGGAGGCTCCTGCCCCCG
HECTD4,151,GGAGACAGGCCACTCTGGGGTCAGCAGCATCCGCGGGGTCCAGGTACACCTCATGGGGATGGAGCCGTGCGGGTGTGATGGCGAGGTGGCGGCATAGCTGGTTGATGTACTGCACAAGTGCCACGTCCATCTCCAGGGTCCACTTTCTTGAGGCCTTCTGTGCATGTCGGACATCGATGCATGCGCACCTTGGGGTGGGGACAGGGGGAGAGGGGCAAAGTGAGGCAGGGCACACCGGGATGACTGTTGCATTTCTCTTACAGAGCCCTGTCCTCAGCTCCTGGAGCACATTCAGAAGACG
ITIH5,151,CCGGTCTGGGTTATTGTTTATAAGTATTATAGCAAGATGGAATAACACAGCTTCCTGCTGGGGCTTCCTGTGGAGGAGGTGAGTGGTATCTCAGGCCCGCGTCCCCCACACCTGGCTGGCACAGGTGCCTCGTACCTGGCTGCGTGCCAGCTCCTCGCACGCTCTGCACCACCGGTTCGGGTCCCATGGCAGCCGACATGCCGTGGGCCTCCTCCAGGCCATCCATGCGTGGGACCGGCCCCCTCAGCTTCATGGAGGTGAAGGGAGTGAGGAAGCGGTAGCTCACAGCCAGGGCCTGGGC
LGALS9B,151,CAGACAGAGACAGGGAACTCTTGAGTGGGCAAGATGTGGCCCATAGGCCCTGGTGGCCTGCTGGCTGGGGCCAGCCTCTCAAACCCTCGGTCCTTCCTGCTGTCTGCTCAGCCACCCAGGGCCTCTGTGTTGAACTCACTTTTTGTCTGCGCCCCCTGGGCCTGGGTGGGAAACAGACAGGCTGGGAGAACGGCACCGTGGAGAAGGCAGGCTGAACGGGGACTGTGCGGGGATTCTGTTAAAACAAAAGGCACCGGCCGGTGAGGAGAAGCATTAATAGAGCCAAGGAGAAGCCGAAAGG
LRRC4C,151,TTGTAAAGACACTTTTTTGAAACAGTAGATTTAGCCCAGTCATTTGTGTCATTTTTAATAAACTGTCTTTTTTTTTGATTGTTTGTTTTTTGTAACTCTGTAAATGTTTTAGATTTGAGTCTCTTGTACATTGTCTTTAGAGTTCATTCGGATCAATAACGGTTCATGCACTGAACTGTGTATTGAATTTATTGTGTTAACTGTTGTTGTGTGGTTGAAGGGAGATTTGTATGAGTTATAGTGATTTAGGTGCTCATGCTCGATAGCAGGCATGGGCAGGTGGCTTTCCATGGGTGTGTCT
NEB,151,TGATGCTGAGCACCATTTATAGTAATGAGCTCTCTGATCAGAGGTAGCAGGGGAAGGTTTTAACAAAGTATTTTTCTTTTTACCCAGTGCCTCAGTGCTGAATTCCCATCTTACCTCACTGACCATGTCCTTCACGTCTTTAGCATGCTTCAAGGCTGTGGTCTGGTTTCCAGCGTGATGATGGGGTCTCTCTTTGGTGGCAAGTTCAACATACAGATACTGAATAATAGAAGAAAGTGAGGTGTCATAGAGATAAAGCATTTAGTATTTAGCATTCAGTCCACTTCATTCATTTCTAACC
RNF113B,151,TCTCAGGCGCCGCCTCCTCGCCCCTCCTGTCGCCGTGAGCCGCCTTCTGCCAGCTGTGGAGGCCCCGGGGCCTCGGTGCCACCCGCGGGGGCTGAGCCACTGTGTCGCCCTCGTCCCCGCTGCTGCTGCTCTCTCCGTGCTCGGGGTCGCAGGCCGGGCGCTTTCTGAGGCCTGCAGCCCCTTTCCGTCCAGGCTTTTTGAAGAGGAAGGTGCATACCTGGTCTGCTTGGTCGGCCGTCCTTCCTGGAGAAGGTGGCGCTGCCATGTTTGAGTCTCAGGCTCCCAACGGCCGTGGCGTGCG
RP1,151,GTGCCAAGGAAAGAATAGCAAATCATCATACAGAGGAGAAGGGTAGTCATCAGTCAGAAAGAGTATGCACATCTGTCACTCATTCCTTTATTTCTGCTGGTAACAAAGTCTACCCTGTCTCTGATGATGCTATTAAAAACCAACCATTGCCTGGCAGTAATATGATTCATGGTACACTTCAGGAAGCTGACTCTTTGGATAAACTGTATGCTCTTTGTGGTCAACATTGCCCAATACTAACTGTTATTATCCAACCCATGAATGAGGAAGACCGAGGATTTGCATATCGCAAAGAATCTGA
RPL7,151,TTCTTTTAAGCTAAATCAAGAATCATAGGGAACACATGAAGATTCACAATAGTGAGAAATGTACGGCCACAAGAGGGTAAGAAATTATCGCATGGTCTAATACCAAATTTTCCCCCAAATAGAACCTACCAAGAGATCGAGCAATCAAAGCGTTATCTGTCAAAGCAATTCGCTTCTTATTGATTTTGCCATAACCACGCTTGTAGATTAGTTCATTTACTGACTTCAGATTGGGGTACCTGAAGTGAAAAAGCAAACATAAATAAGGTGACCACTGTTAAAACATCTAAAATTCATGTTG
TENM4,151,TCCATGTCTTCCCATCAGCGAAGATCCTGGATGTGATGCGGCCCGCCTGGTCGTATTCCATTCTTTCAGACATGATGCCCCTCTGGATGCCAGCAATGTAACCCCCAGGGGAGTATGTCACGTTGACACCATTCAGCCTGCTGCTGGGTGACCAGAGGCTGGGCCGCCCCGCCTGGTCGTACAGAATCCGAAGGGTGAACTTGCGGTGGTCATCATAGATCTTCTCTGTGCGTGTTACGCGATCAAAGTCCAGAGATAGGAGATTTCGGTTGTGAACCTGGAGAAAGGGTTGGAAGGAAAG
TMIGD2,151,GCTGCAGGGTGAGATGGCTGGGTGCCTGCCAGGAGAGCCGTCCCTGGGGCCCGCAGACCCCCAGGCTGAGGCTGCCGTTGGTGATGTACGGTTGACACAGGATGGCCCCATCCTTTGTCCACTTAACACGGAGCCGTTCCCAGGCTGTGGCCTGGTCCACCTGGCAGACCAGGGTCGCCTGACTGCCCTGCCTCACCTGCAGCAAGTTGGGCCCCTGCTGCACGCTCAGGCTTGAGGCTTCTTGCAGGGCTGGAGGACAGAAGAGGTAGAGGCGACCTTTCTGACTGTGCGCATGTGAGGC
WEE2,151,TCAGGTGTAAGAGGGGTATGGTGGGTGGGGAGTGGTCAGGGATAGATGCAGATGGTATACTGGCTTCATTGGTATCTAGGGGGAGGGTAGTCAAGTAGTGAGTGCGCAGTTGGTAGAAGGTCTTGAGGCTTTCTTATCAAGAGTTTGAATTTCTCATGGGAAACAATTAGGCATCTCTGATTCTGTGGTATCATTTTGCAAAAATAATTCTTACTATTAGAAGAGTTAAAGAGAGGGCTGGTAGCTGTAGCCAATCCAGACAAGAAGGGAACAGAGCTTGAGACTGGCTAAGGGTAATGAA
YY1AP1,151,GTGGGCCTTATCTTCAGGGGTGGATGGTATAGGAAGATTCACAGAATTGCCAGAAACAATTAAGGGTGAGACAGAGGAGGCCACAAGGGGCTGGTTCAATGGACAGGGGAAGGAAGTAGGGTTAACCAAGAGGGTGGCGATGGGAATAGTCTGGGGACTCTGGGCCACAGCCGCATTGACAGGCTGGATCATGTTACAGCCACCGCCAAGGCTCACAATCTTCACAGTGGTAGCAGGAACAGTGAAGATAACAGATGCAGGGTGGATAACAGGGGCAGGTTTGATACAGCGAAAGGCCCTG
ZC3H12A,151,GTTGGTTGTTCAGTAGGAGCTGTGGCGCGGGGCCTTCCAGGAGTCTGAGCTATGAGTGGCCCCTGTGGAGAGAAGCCTGTCCTGGAAGCCAGCCCCACCATGAGTCTGTGGGAATTTGAGGACAGCCACAGCCGTCAGGGCACCCCAAGGCCGGGTCAAGAGCTGGCCGCTGAGGAGGCCTCGGCCCTGGAACTGCAGATGAAGGTGGACTTCTTCCGGAAGCTGGGCTATTCATCCACGGAGATCCACAGCGTCCTGCAGAAGCTGGGCGTCCAGGCAGACACCAACACGGTGCTGGGTG
ZNF556,146,CTGCTGGGCAACATCCTTTCAACGACACGTGAGAATTCACAACGGGGAGAAACCCTATAAGTGTGGAAAATGCGGGAAAGCATTCGGTTGGCCCTCATCCTTACACAAACACGCGAGAACGCATGCTAAAAAGAAACCTGTGAGTGGGGGCAGCGTGGGAAAGTCTTCCGCGAGGCCTCGCCCCTCCACAGATGTCAAATCACAAACTAGAGAGAAAGTCTATAAATGTGAAACGTGTGGGAAAACGTATGGTTGGTCCTCATCTTTACACAAACATGAGAGAAAGCACACTGGGG